,Region_name,Importace
185,FS_CC_Posterior_Mean,1.0
697,FS_L_Insula_MeanCurv,0.9027008761636888
357,FS_L_Insula_Thck,0.8192534632108082
133,FS_CSF_Mean,0.816875507326321
391,FS_R_Insula_Thck,0.7701135793490723
731,FS_R_Insula_MeanCurv,0.70311591576065
43,FS_L_Cerebellum_Cort_Vol.1,0.6882136104350949
86,FS_L_Cerebellum_Cort_Vox.1,0.6882007589586132
152,FS_R_ThalamusProper_Std,0.6843929744219852
311,FS_CC_Posterior_Max,0.6590856634676788
639,FS_R_Lateraloccipital_ThckStd,0.6582256606648655
650,FS_R_Postcentral_ThckStd,0.6517937895627871
606,FS_L_Lateralorbitofrontal_ThckStd,0.6400905855697727
595,FS_R_Insula_GrayVol,0.6206484005617134
634,FS_R_Entorhinal_ThckStd,0.6013415255665419
693,FS_L_Supramarginal_MeanCurv,0.5840396849677021
646,FS_R_Parsopercularis_ThckStd,0.5768085266067559
870,FS_L_Caudalmiddlefrontal_CurvInd,0.575887770783338
146,FS_R_InfLatVent_Std,0.5733601046670089
170,FS_R_ChoroidPlexus_Std,0.571253945992222
636,FS_R_Inferiorparietal_ThckStd,0.5696107145648452
358,FS_R_Bankssts_Thck,0.559748768764218
661,FS_R_Temporalpole_ThckStd,0.5596831380108306
130,FS_L_Hippo_Std,0.5574131983214066
280,FS_R_VentDC_Min,0.5512845536947694
323,FS_CC_Anterior_Max,0.5472572048116536
253,FS_R_Cerebellum_WM_Min,0.5402186369070546
729,FS_R_Temporalpole_MeanCurv,0.5332621670979573
16,FS_Mask_Vol,0.5323580888080676
17,FS_BrainSegVol_eTIV_Ratio,0.5285536754713821
159,FS_R_Hippo_Mean,0.5284226464326017
155,FS_R_Putamen_Mean,0.5051410746939073
760,FS_L_Superiortemporal_GausCurv,0.5025116988927353
674,FS_L_Lateralorbitofrontal_MeanCurv,0.49946673445075884
860,FS_R_Superiorfrontal_FoldInd,0.4978787375739728
576,FS_R_Parahippocampal_GrayVol,0.49568919793277083
209,FS_L_Caudate_Max,0.4888612745008125
610,FS_L_Parahippocampal_ThckStd,0.48576329649541644
220,FS_4thVent_Min,0.48039523030398845
881,FS_L_Middletemporal_CurvInd,0.4785422329079358
563,FS_R_Caudalanteriorcingulate_GrayVol,0.47788361924031814
632,FS_R_Caudalmiddlefrontal_ThckStd,0.4776995005260285
718,FS_R_Postcentral_MeanCurv,0.4772037523396532
361,FS_R_Cuneus_Thck,0.47613074796221766
719,FS_R_Posteriorcingulate_MeanCurv,0.46703697477218054
537,FS_L_Lateraloccipital_GrayVol,0.46506469209509926
749,FS_L_Parsorbitalis_GausCurv,0.4648217208690107
173,FS_WM_Hypointens_Mean,0.4625072863415096
277,FS_R_AccumbensArea_Min,0.45855346311158907
381,FS_R_Precuneus_Thck,0.4585434814211559
668,FS_L_Entorhinal_MeanCurv,0.4552364515958435
896,FS_L_Superiortemporal_CurvInd,0.45314566651189364
281,FS_R_VentDC_Max,0.4530746108116985
623,FS_L_Superiorparietal_ThckStd,0.45279223488582737
695,FS_L_Temporalpole_MeanCurv,0.45181215531306845
879,FS_L_Lingual_CurvInd,0.4515424441182968
871,FS_L_Cuneus_CurvInd,0.4491815515977802
681,FS_L_Parsorbitalis_MeanCurv,0.4485966932321952
345,FS_L_Posteriorcingulate_Thck,0.44814229099802666
742,FS_L_Lateralorbitofrontal_GausCurv,0.4464625172128814
183,FS_OpticChiasm_Mean,0.4429361184215781
607,FS_L_Lingual_ThckStd,0.4425738806556193
696,FS_L_Transversetemporal_MeanCurv,0.43910292622489594
344,FS_L_Postcentral_Thck,0.4383454553628851
39,FS_L_ChoroidPlexus_Vol,0.43713056900475333
730,FS_R_Transversetemporal_MeanCurv,0.4371064484528388
82,FS_L_ChoroidPlexus_Vox,0.43704965451777267
495,FS_R_Caudalanteriorcingulate_NumVert,0.4353405859384402
486,FS_L_Superiorfrontal_NumVert,0.4346050072994038
412,FS_L_Postcentral_Area,0.43459645279586806
65,FS_CC_Anterior_Vol,0.4329924932566375
108,FS_CC_Anterior_Vox,0.43244226063352326
401,FS_L_Lateraloccipital_Area,0.4307309982536693
382,FS_R_Rostralanteriorcingulate_Thck,0.4279707925611511
354,FS_L_Frontalpole_Thck,0.4274218029994808
187,FS_CC_MidPosterior_Mean,0.4265009771566395
72,FS_L_Pallidum_Vox,0.42423323843371535
29,FS_L_Pallidum_Vol,0.42386545222254346
230,FS_L_Amygdala_Max,0.4229375948411572
127,FS_BrainStem_Mean,0.4214652596148011
1,FS_InterCranial_Vol,0.4202128781743239
191,FS_CC_MidAnterior_Mean,0.4198823304840092
522,FS_R_Superiortemporal_NumVert,0.4195622419420005
136,FS_L_AccumbensArea_Std,0.41565492117966335
34,FS_L_Amygdala_Vol,0.41502547377440185
77,FS_L_Amygdala_Vox,0.4145435323970955
68,FS_L_Cerebellum_Cort_Vox,0.4125387256692818
25,FS_L_Cerebellum_Cort_Vol,0.41250903883182377
922,FS_R_Postcentral_CurvInd,0.41087927172684835
885,FS_L_Parsorbitalis_CurvInd,0.40856936526199117
540,FS_L_Medialorbitofrontal_GrayVol,0.4078283980426968
847,FS_R_Middletemporal_FoldInd,0.40713753267596553
628,FS_L_Transversetemporal_ThckStd,0.40705039195122733
631,FS_R_Caudalanteriorcingulate_ThckStd,0.40679301097558934
454,FS_R_Superiortemporal_Area,0.40599455680801577
643,FS_R_Middletemporal_ThckStd,0.40323562339260804
98,FS_WM_Hypointens_Vox,0.4023785903904813
55,FS_WM_Hypointens_Vol,0.4020994958487527
735,FS_L_Cuneus_GausCurv,0.40107277370324596
363,FS_R_Fusiform_Thck,0.39897415860783336
698,FS_R_Bankssts_MeanCurv,0.396287415834623
518,FS_R_Rostralanteriorcingulate_NumVert,0.3960307902163996
70,FS_L_Caudate_Vox,0.39143292469786084
27,FS_L_Caudate_Vol,0.3912517774221846
89,FS_R_Putamen_Vox,0.38992699371167494
46,FS_R_Putamen_Vol,0.38982976592655977
163,FS_R_AccumbensArea_Mean,0.38958315800157206
341,FS_L_Parsorbitalis_Thck,0.38813374073007056
386,FS_R_Superiortemporal_Thck,0.38723841592153396
542,FS_L_Parahippocampal_GrayVol,0.386939284662484
30,FS_3rdVent_Vol,0.3864028863238479
73,FS_3rdVent_Vox,0.385862247348828
920,FS_R_Parstriangularis_CurvInd,0.3856655533427288
166,FS_R_VentDC_Std,0.3852597736499307
627,FS_L_Temporalpole_ThckStd,0.38521918021776613
781,FS_R_Paracentral_GausCurv,0.38316040269956975
317,FS_CC_Central_Max,0.38269816909873283
861,FS_R_Superiorparietal_FoldInd,0.3807507269203195
71,FS_L_Putamen_Vox,0.37761480261389935
28,FS_L_Putamen_Vol,0.37755746397648493
480,FS_L_Postcentral_NumVert,0.37681565335609224
752,FS_L_Postcentral_GausCurv,0.3761043233675972
853,FS_R_Pericalcarine_FoldInd,0.372308948189201
157,FS_R_Pallidum_Mean,0.372055146767787
804,FS_L_Entorhinal_FoldInd,0.3712289168472432
891,FS_L_Precuneus_CurvInd,0.3696819612818456
164,FS_R_AccumbensArea_Std,0.36562276683416817
820,FS_L_Postcentral_FoldInd,0.36417783453974584
310,FS_CC_Posterior_Min,0.36115054876188457
712,FS_R_Parahippocampal_MeanCurv,0.3588159936285495
662,FS_R_Transversetemporal_ThckStd,0.3576280431194088
557,FS_L_Supramarginal_GrayVol,0.3553118422328048
418,FS_L_Superiorfrontal_Area,0.35481848615698447
823,FS_L_Precuneus_FoldInd,0.35298107096106984
346,FS_L_Precentral_Thck,0.3529730799375761
602,FS_L_Inferiorparietal_ThckStd,0.35292780090807974
682,FS_L_Parstriangularis_MeanCurv,0.3528745852406432
62,FS_CC_MidPosterior_Vol,0.3499657271567405
105,FS_CC_MidPosterior_Vox,0.3489072398526962
374,FS_R_Parsopercularis_Thck,0.3488367793587995
866,FS_R_Transversetemporal_FoldInd,0.34834737258436577
469,FS_L_Lateraloccipital_NumVert,0.34788914716709707
321,FS_CC_Anterior_Range,0.34716799019430084
691,FS_L_Superiorparietal_MeanCurv,0.34598893414378884
805,FS_L_Fusiform_FoldInd,0.3459710152084232
306,FS_OpticChiasm_Range,0.345612896323661
670,FS_L_Inferiorparietal_MeanCurv,0.3450915384112986
116,FS_L_ThalamusProper_Std,0.3450732089085174
778,FS_R_Medialorbitofrontal_GausCurv,0.34315530590020976
873,FS_L_Fusiform_CurvInd,0.34284031216163063
611,FS_L_Paracentral_ThckStd,0.3407786573134064
743,FS_L_Lingual_GausCurv,0.340564033051612
917,FS_R_Paracentral_CurvInd,0.3397552311808012
702,FS_R_Entorhinal_MeanCurv,0.3392372772455983
169,FS_R_ChoroidPlexus_Mean,0.33892896355808816
601,FS_L_Fusiform_ThckStd,0.33889459973866215
126,FS_4thVent_Std,0.3376926750870103
172,FS_5thVent_Std,0.3374271292970613
107,FS_CC_MidAnterior_Vox,0.3364757607111965
921,FS_R_Pericalcarine_CurvInd,0.335089129644502
463,FS_L_Cuneus_NumVert,0.3350336411072279
676,FS_L_Medialorbitofrontal_MeanCurv,0.3349297779728404
64,FS_CC_MidAnterior_Vol,0.3344296554744111
586,FS_R_Rostralanteriorcingulate_GrayVol,0.33209367571659704
605,FS_L_Lateraloccipital_ThckStd,0.331015072256939
336,FS_L_Medialorbitofrontal_Thck,0.3293342853252281
905,FS_R_Cuneus_CurvInd,0.3282126330773923
667,FS_L_Cuneus_MeanCurv,0.32547169059191683
887,FS_L_Pericalcarine_CurvInd,0.3251433368724462
139,FS_L_Vessel_Mean,0.3243270052667797
741,FS_L_Lateraloccipital_GausCurv,0.32295131670033234
355,FS_L_Temporalpole_Thck,0.3227571852959599
694,FS_L_Frontalpole_MeanCurv,0.32269352544065527
427,FS_R_Caudalanteriorcingulate_Area,0.32218328962192333
727,FS_R_Supramarginal_MeanCurv,0.3210291974383861
613,FS_L_Parsorbitalis_ThckStd,0.3175579156989166
378,FS_R_Postcentral_Thck,0.31747163008836116
276,FS_R_AccumbensArea_Range,0.3174430923850349
390,FS_R_Transversetemporal_Thck,0.31723879683238515
711,FS_R_Middletemporal_MeanCurv,0.31713538545688236
774,FS_R_Isthmuscingulate_GausCurv,0.3153311667395163
597,FS_L_Caudalanteriorcingulate_ThckStd,0.3151586504099369
112,FS_L_Cerebellum_WM_Std,0.31464421711733914
625,FS_L_Supramarginal_ThckStd,0.31420544841111725
855,FS_R_Posteriorcingulate_FoldInd,0.31396621586206436
104,FS_CC_Posterior_Vox,0.3127982779178757
61,FS_CC_Posterior_Vol,0.3122467681015003
554,FS_L_Superiorfrontal_GrayVol,0.31127920219973865
644,FS_R_Parahippocampal_ThckStd,0.3092430553818737
103,FS_OpticChiasm_Vox,0.30842275433034305
60,FS_OpticChiasm_Vol,0.3072699097985222
616,FS_L_Postcentral_ThckStd,0.30664666233692484
132,FS_L_Amygdala_Std,0.3063271623226924
119,FS_L_Putamen_Mean,0.30595404876329374
69,FS_L_ThalamusProper_Vox,0.30591741503469844
26,FS_L_ThalamusProper_Vol,0.30589705664186984
710,FS_R_Medialorbitofrontal_MeanCurv,0.3035788376826221
174,FS_WM_Hypointens_Std,0.3027923053454888
419,FS_L_Superiorparietal_Area,0.30263686843256166
37,FS_L_VentDC_Vol,0.30162622195633265
80,FS_L_VentDC_Vox,0.30112645176559094
365,FS_R_Inferiortemporal_Thck,0.29992955151785194
67,FS_L_Cerebellum_WM_Vox,0.29941548467470663
24,FS_L_Cerebellum_WM_Vol,0.2993668336947542
421,FS_L_Supramarginal_Area,0.2993386965120552
23,FS_L_InfLatVent_Vol,0.29894835773105893
359,FS_R_Caudalanteriorcingulate_Thck,0.29834635106620283
649,FS_R_Pericalcarine_ThckStd,0.29790057177617857
878,FS_L_Lateralorbitofrontal_CurvInd,0.29682001191552715
570,FS_R_Isthmuscingulate_GrayVol,0.2966249773092038
487,FS_L_Superiorparietal_NumVert,0.2966058007005859
396,FS_L_Entorhinal_Area,0.2958416047181616
184,FS_OpticChiasm_Std,0.29580096828807984
460,FS_L_Caudalanteriorcingulate_NumVert,0.29417378213047585
118,FS_L_Caudate_Std,0.294061988365768
898,FS_L_Frontalpole_CurvInd,0.2939552271932587
713,FS_R_Paracentral_MeanCurv,0.29223698986193847
609,FS_L_Middletemporal_ThckStd,0.28902101452710977
736,FS_L_Entorhinal_GausCurv,0.28883976832073793
653,FS_R_Precuneus_ThckStd,0.2883272894504058
635,FS_R_Fusiform_ThckStd,0.288134926754676
252,FS_R_Cerebellum_WM_Range,0.2880676037395209
630,FS_R_Bankssts_ThckStd,0.2879639603802722
308,FS_OpticChiasm_Max,0.2861093078642509
937,Release_Q1,0.28430521638061873
275,FS_R_Amygdala_Max,0.28233892618058953
124,FS_3rdVent_Std,0.280385307991762
581,FS_R_Pericalcarine_GrayVol,0.2800725725690484
356,FS_L_Transversetemporal_Thck,0.2773739373819433
243,FS_L_ChoroidPlexus_Range,0.2769789131077037
763,FS_L_Temporalpole_GausCurv,0.2768310985815401
233,FS_CSF_Max,0.27637785288389943
809,FS_L_Lateraloccipital_FoldInd,0.276129130017449
459,FS_R_Insula_Area,0.27526532232070244
271,FS_R_Hippo_Min,0.2744256244401275
564,FS_R_Caudalmiddlefrontal_GrayVol,0.2743722419963398
666,FS_L_Caudalmiddlefrontal_MeanCurv,0.27400303371335594
560,FS_L_Transversetemporal_GrayVol,0.2715394983822312
600,FS_L_Entorhinal_ThckStd,0.2706144622740433
274,FS_R_Amygdala_Min,0.2702868763077354
688,FS_L_Rostralanteriorcingulate_MeanCurv,0.26912628687575463
19,FS_LH_Defect_Holes,0.26812101079191625
704,FS_R_Inferiorparietal_MeanCurv,0.2650743634239706
548,FS_L_Postcentral_GrayVol,0.26497365359231895
910,FS_R_Isthmuscingulate_CurvInd,0.264405866216157
737,FS_L_Fusiform_GausCurv,0.2633676693284045
645,FS_R_Paracentral_ThckStd,0.2616442255020857
45,FS_R_Caudate_Vol,0.2615940326837215
88,FS_R_Caudate_Vox,0.2615140536504122
894,FS_L_Superiorfrontal_CurvInd,0.2595123735973212
244,FS_L_ChoroidPlexus_Min,0.2594197364860142
841,FS_R_Inferiortemporal_FoldInd,0.2592645522081389
94,FS_R_VentDC_Vox,0.2585698695236585
51,FS_R_VentDC_Vol,0.2584442034931636
194,FS_CC_Anterior_Std,0.2570511828332469
333,FS_L_Lateraloccipital_Thck,0.256695874808157
141,FS_L_ChoroidPlexus_Mean,0.25646610570782485
924,FS_R_Precentral_CurvInd,0.2539576601300194
684,FS_L_Postcentral_MeanCurv,0.2527714180805349
324,FS_L_Bankssts_Thck,0.2525930927546878
699,FS_R_Caudalanteriorcingulate_MeanCurv,0.25118324189239205
527,FS_R_Insula_NumVert,0.24913739146304845
859,FS_R_Rostralmiddlefrontal_FoldInd,0.24889619683634645
258,FS_R_ThalamusProper_Range,0.24805079465878463
619,FS_L_Precuneus_ThckStd,0.2479835771796092
571,FS_R_Lateraloccipital_GrayVol,0.24677614084539354
678,FS_L_Parahippocampal_MeanCurv,0.24659233871481234
868,FS_L_Bankssts_CurvInd,0.24632738312697208
739,FS_L_Inferiortemporal_GausCurv,0.24614189863699212
329,FS_L_Fusiform_Thck,0.2459627288408949
268,FS_R_Pallidum_Min,0.24587215460949466
489,FS_L_Supramarginal_NumVert,0.24579940210483517
208,FS_L_Caudate_Min,0.24567046156858197
657,FS_R_Superiorparietal_ThckStd,0.2455619314409682
830,FS_L_Frontalpole_FoldInd,0.245488077036244
757,FS_L_Rostralmiddlefrontal_GausCurv,0.24532472511466097
687,FS_L_Precuneus_MeanCurv,0.24376979961568257
906,FS_R_Entorhinal_CurvInd,0.24347749218196468
284,FS_R_Vessel_Max,0.2433639978289326
629,FS_L_Insula_ThckStd,0.24244690200194818
508,FS_R_Parahippocampal_NumVert,0.24166171070313044
121,FS_L_Pallidum_Mean,0.24098371021244025
423,FS_L_Temporalpole_Area,0.24078623941050842
498,FS_R_Entorhinal_NumVert,0.2406901046645966
900,FS_L_Transversetemporal_CurvInd,0.2404422599822018
47,FS_R_Pallidum_Vol,0.23789788933200776
561,FS_L_Insula_GrayVol,0.23770998071649616
151,FS_R_ThalamusProper_Mean,0.23754446591332495
90,FS_R_Pallidum_Vox,0.2373297673349226
257,FS_L_Cerebellum_Cort_Max.1,0.2366744076739649
78,FS_CSF_Vox,0.23603562913372672
35,FS_CSF_Vol,0.23560561914800818
835,FS_R_Caudalanteriorcingulate_FoldInd,0.23505175728892722
450,FS_R_Rostralanteriorcingulate_Area,0.2320811609941063
206,FS_L_ThalamusProper_Max,0.23207081174844868
810,FS_L_Lateralorbitofrontal_FoldInd,0.2319130979181501
256,FS_L_Cerebellum_Cort_Min.1,0.2309888673202691
494,FS_R_Bankssts_NumVert,0.22981044742151707
373,FS_R_Paracentral_Thck,0.2295892594875743
115,FS_L_ThalamusProper_Mean,0.2288054537324084
555,FS_L_Superiorparietal_GrayVol,0.22873019693008312
552,FS_L_Rostralanteriorcingulate_GrayVol,0.2275982781822316
588,FS_R_Superiorfrontal_GrayVol,0.22594485131938583
190,FS_CC_Central_Std,0.2258347614970762
716,FS_R_Parstriangularis_MeanCurv,0.22435337862344595
545,FS_L_Parsorbitalis_GrayVol,0.22405683502190576
936,Release_MEG2,0.22353223193408495
0,Subject,0.22309036468491292
656,FS_R_Superiorfrontal_ThckStd,0.22190638071555088
525,FS_R_Temporalpole_NumVert,0.22150021947837878
259,FS_R_ThalamusProper_Min,0.22136075974098898
228,FS_L_Amygdala_Range,0.22118176856393165
638,FS_R_Isthmuscingulate_ThckStd,0.22052965572184235
614,FS_L_Parstriangularis_ThckStd,0.21989197689888937
370,FS_R_Medialorbitofrontal_Thck,0.21985694626926214
721,FS_R_Precuneus_MeanCurv,0.21824888513903193
144,FS_R_LatVent_Std,0.21815129671767708
279,FS_R_VentDC_Range,0.21796358091471046
352,FS_L_Superiortemporal_Thck,0.21596115918651718
143,FS_R_LatVent_Mean,0.21579471420489976
328,FS_L_Entorhinal_Thck,0.21500647915457102
264,FS_R_Putamen_Range,0.21378678774908852
147,FS_R_Cerebellum_WM_Mean,0.21349583746416778
874,FS_L_Inferiorparietal_CurvInd,0.2129667127620201
430,FS_R_Entorhinal_Area,0.2127861955052856
579,FS_R_Parsorbitalis_GrayVol,0.21273190379706036
335,FS_L_Lingual_Thck,0.21189744565634416
492,FS_L_Transversetemporal_NumVert,0.21153843030847316
652,FS_R_Precentral_ThckStd,0.2094264853599533
532,FS_L_Entorhinal_GrayVol,0.20908966839076076
789,FS_R_Precuneus_GausCurv,0.20762997073369238
338,FS_L_Parahippocampal_Thck,0.20414693237365159
764,FS_L_Transversetemporal_GausCurv,0.203874926868601
822,FS_L_Precentral_FoldInd,0.2036797777843954
426,FS_R_Bankssts_Area,0.2033424288756332
453,FS_R_Superiorparietal_Area,0.20296957709947822
914,FS_R_Medialorbitofrontal_CurvInd,0.20198882669800786
445,FS_R_Pericalcarine_Area,0.2016336689357042
348,FS_L_Rostralanteriorcingulate_Thck,0.2012346556413947
759,FS_L_Superiorparietal_GausCurv,0.20097683510261782
765,FS_L_Insula_GausCurv,0.2008565570016132
239,FS_L_VentDC_Max,0.20053995108492784
292,FS_WM_Hypointens_Min,0.20051852046379992
372,FS_R_Parahippocampal_Thck,0.19992021402436996
307,FS_OpticChiasm_Min,0.19973026847819247
738,FS_L_Inferiorparietal_GausCurv,0.1995535232156435
267,FS_R_Pallidum_Range,0.19930822159445993
114,FS_L_Cerebellum_Cort_Std,0.1974999147276116
202,FS_L_Cerebellum_Cort_Min,0.1971131930102079
226,FS_L_Hippo_Min,0.19692845757495508
747,FS_L_Paracentral_GausCurv,0.1968408214719086
225,FS_L_Hippo_Range,0.1964324088388988
334,FS_L_Lateralorbitofrontal_Thck,0.19585911649180576
780,FS_R_Parahippocampal_GausCurv,0.1955774326299409
254,FS_R_Cerebellum_WM_Max,0.19534965483670827
655,FS_R_Rostralmiddlefrontal_ThckStd,0.19514924195870265
371,FS_R_Middletemporal_Thck,0.19416802034143138
795,FS_R_Supramarginal_GausCurv,0.19380635348990283
409,FS_L_Parsorbitalis_Area,0.1934098144595379
903,FS_R_Caudalanteriorcingulate_CurvInd,0.19288184396114647
215,FS_L_Pallidum_Max,0.19280771929607446
360,FS_R_Caudalmiddlefrontal_Thck,0.19270500086699735
940,Release_S1200,0.19265255968014922
590,FS_R_Superiortemporal_GrayVol,0.1923342343157154
596,FS_L_Bankssts_ThckStd,0.19056600860656303
913,FS_R_Lingual_CurvInd,0.18824205083381162
232,FS_CSF_Min,0.18796722496086343
457,FS_R_Temporalpole_Area,0.18792498581369596
473,FS_L_Middletemporal_NumVert,0.18762447195897308
933,FS_R_Temporalpole_CurvInd,0.1871331055166893
287,FS_R_ChoroidPlexus_Max,0.18635287784716914
633,FS_R_Cuneus_ThckStd,0.1861059052503368
679,FS_L_Paracentral_MeanCurv,0.18602438716066713
161,FS_R_Amygdala_Mean,0.185528761410729
397,FS_L_Fusiform_Area,0.18548031311314908
22,FS_L_LatVent_Vol,0.18507079662563333
66,FS_L_LatVent_Vox,0.18506106798493166
204,FS_L_ThalamusProper_Range,0.18444239948081445
503,FS_R_Lateraloccipital_NumVert,0.18409137328408776
383,FS_R_Rostralmiddlefrontal_Thck,0.18399764843097352
128,FS_BrainStem_Std,0.18379125290365286
129,FS_L_Hippo_Mean,0.18315470111830087
377,FS_R_Pericalcarine_Thck,0.18247402382410863
415,FS_L_Precuneus_Area,0.18238966482167115
811,FS_L_Lingual_FoldInd,0.18203598658602616
237,FS_L_VentDC_Range,0.18192787021956006
395,FS_L_Cuneus_Area,0.18189250371857282
664,FS_L_Bankssts_MeanCurv,0.18153351017081434
511,FS_R_Parsorbitalis_NumVert,0.1806215781257075
577,FS_R_Paracentral_GrayVol,0.18017994339599425
550,FS_L_Precentral_GrayVol,0.18006710517541497
167,FS_R_Vessel_Mean,0.17955693906293996
828,FS_L_Superiortemporal_FoldInd,0.17938659622580386
818,FS_L_Parstriangularis_FoldInd,0.17882740080781645
529,FS_L_Bankssts_GrayVol,0.178293924577187
131,FS_L_Amygdala_Mean,0.1777397085207203
122,FS_L_Pallidum_Std,0.17655072848896874
677,FS_L_Middletemporal_MeanCurv,0.17645906107216466
932,FS_R_Frontalpole_CurvInd,0.17639214023200453
794,FS_R_Superiortemporal_GausCurv,0.1761138376500303
673,FS_L_Lateraloccipital_MeanCurv,0.17603286472492194
669,FS_L_Fusiform_MeanCurv,0.1759536268406259
558,FS_L_Frontalpole_GrayVol,0.17553779734055308
793,FS_R_Superiorparietal_GausCurv,0.17527333084750601
594,FS_R_Transversetemporal_GrayVol,0.17484930542464247
433,FS_R_Inferiortemporal_Area,0.1747917071006281
375,FS_R_Parsorbitalis_Thck,0.17423630770428877
320,FS_CC_MidAnterior_Max,0.17401208397615284
117,FS_L_Caudate_Mean,0.1737472678011114
362,FS_R_Entorhinal_Thck,0.17362823397432717
589,FS_R_Superiorparietal_GrayVol,0.17349589757106948
624,FS_L_Superiortemporal_ThckStd,0.17299259947345852
13,FS_L_WM_Vol,0.17255369900435497
451,FS_R_Rostralmiddlefrontal_Area,0.17217228544132934
282,FS_R_Vessel_Range,0.17194343402494358
156,FS_R_Putamen_Std,0.17051491844233996
483,FS_L_Precuneus_NumVert,0.1702689619253678
651,FS_R_Posteriorcingulate_ThckStd,0.16977672869975777
265,FS_R_Putamen_Min,0.16867029793327146
291,FS_WM_Hypointens_Range,0.16851868900162376
482,FS_L_Precentral_NumVert,0.16803662521339544
465,FS_L_Fusiform_NumVert,0.16793617514340808
249,FS_R_InfLatVent_Range,0.16747502523073765
726,FS_R_Superiortemporal_MeanCurv,0.16737221919995973
31,FS_4thVent_Vol,0.16701975259963217
612,FS_L_Parsopercularis_ThckStd,0.16701228052367356
74,FS_4thVent_Vox,0.166949757114461
912,FS_R_Lateralorbitofrontal_CurvInd,0.16671880968821418
929,FS_R_Superiorparietal_CurvInd,0.16550079807177875
467,FS_L_Inferiortemporal_NumVert,0.16506231569404456
803,FS_L_Cuneus_FoldInd,0.16491345323180143
530,FS_L_Caudalmiddlefrontal_GrayVol,0.16470388895412277
38,FS_L_Vessel_Vol,0.164575105987767
728,FS_R_Frontalpole_MeanCurv,0.16421074109585587
231,FS_CSF_Range,0.16407494656567992
604,FS_L_Isthmuscingulate_ThckStd,0.16400827714167812
81,FS_L_Vessel_Vox,0.16362720357558222
519,FS_R_Rostralmiddlefrontal_NumVert,0.1618913708594956
637,FS_R_Inferiortemporal_ThckStd,0.16116947735150455
559,FS_L_Temporalpole_GrayVol,0.15855613729143037
707,FS_R_Lateraloccipital_MeanCurv,0.1584459179647632
869,FS_L_Caudalanteriorcingulate_CurvInd,0.15842298638141533
111,FS_L_Cerebellum_WM_Mean,0.1581672741921285
96,FS_R_ChoroidPlexus_Vox,0.15688955327106965
53,FS_R_ChoroidPlexus_Vol,0.1567349031335045
340,FS_L_Parsopercularis_Thck,0.15565545218392376
791,FS_R_Rostralmiddlefrontal_GausCurv,0.15526036308851263
464,FS_L_Entorhinal_NumVert,0.15459233347330664
234,FS_L_AccumbensArea_Range,0.15395498317197231
270,FS_R_Hippo_Range,0.15308123774727883
443,FS_R_Parsorbitalis_Area,0.15249028221888447
245,FS_L_ChoroidPlexus_Max,0.1524679279837592
269,FS_R_Pallidum_Max,0.15067246406874227
531,FS_L_Cuneus_GrayVol,0.1498148984966881
251,FS_R_InfLatVent_Max,0.1496310245677472
833,FS_L_Insula_FoldInd,0.14958606371648542
815,FS_L_Paracentral_FoldInd,0.14938957949335918
193,FS_CC_Anterior_Mean,0.1484311817191963
844,FS_R_Lateralorbitofrontal_FoldInd,0.14829734849109838
266,FS_R_Putamen_Max,0.14766721506469552
2,FS_BrainSeg_Vol,0.14746107367661654
533,FS_L_Fusiform_GrayVol,0.1466999879247234
9,FS_Total_GM_Vol,0.14614026389033397
440,FS_R_Parahippocampal_Area,0.14610973669356161
330,FS_L_Inferiorparietal_Thck,0.14560494464223744
648,FS_R_Parstriangularis_ThckStd,0.14503865993814105
44,FS_R_ThalamusProper_Vol,0.14498970085461885
87,FS_R_ThalamusProper_Vox,0.14484864300684525
584,FS_R_Precentral_GrayVol,0.1446859611083793
513,FS_R_Pericalcarine_NumVert,0.14453828655681908
413,FS_L_Posteriorcingulate_Area,0.14443353792687214
350,FS_L_Superiorfrontal_Thck,0.1440158898300397
4,FS_BrainSeg_Vol_No_Vent_Surf,0.14385922771770457
385,FS_R_Superiorparietal_Thck,0.14363863839294586
826,FS_L_Superiorfrontal_FoldInd,0.1435141799091044
160,FS_R_Hippo_Std,0.1431441764047866
3,FS_BrainSeg_Vol_No_Vent,0.14299493639263666
775,FS_R_Lateraloccipital_GausCurv,0.14293337302220385
376,FS_R_Parstriangularis_Thck,0.1427550635462608
654,FS_R_Rostralanteriorcingulate_ThckStd,0.14175634638345297
850,FS_R_Parsopercularis_FoldInd,0.1410306303063162
285,FS_R_ChoroidPlexus_Range,0.14080505133669144
203,FS_L_Cerebellum_Cort_Max,0.14072536514653797
768,FS_R_Caudalmiddlefrontal_GausCurv,0.14016746403364055
15,FS_Tot_WM_Vol,0.14004532038432563
347,FS_L_Precuneus_Thck,0.13995193347203855
97,FS_5thVent_Vox,0.13991800436898327
113,FS_L_Cerebellum_Cort_Mean,0.13984007667580453
406,FS_L_Parahippocampal_Area,0.13934526585624446
491,FS_L_Temporalpole_NumVert,0.13906460898586667
705,FS_R_Inferiortemporal_MeanCurv,0.13905214794766238
221,FS_4thVent_Max,0.13900443032453982
262,FS_R_Caudate_Min,0.1387126768615821
806,FS_L_Inferiorparietal_FoldInd,0.13851073523712928
800,FS_L_Bankssts_FoldInd,0.1384587404701989
309,FS_CC_Posterior_Range,0.13750411545271918
720,FS_R_Precentral_MeanCurv,0.13744631374687344
723,FS_R_Rostralmiddlefrontal_MeanCurv,0.13728261548372622
387,FS_R_Supramarginal_Thck,0.13694671689064752
236,FS_L_AccumbensArea_Max,0.1367025812390825
608,FS_L_Medialorbitofrontal_ThckStd,0.13555115952223115
553,FS_L_Rostralmiddlefrontal_GrayVol,0.13513415832917358
907,FS_R_Fusiform_CurvInd,0.13461729104009038
186,FS_CC_Posterior_Std,0.13367228124199826
263,FS_R_Caudate_Max,0.1334631120354872
603,FS_L_Inferiortemporal_ThckStd,0.13230857063375015
325,FS_L_Caudalanteriorcingulate_Thck,0.13230298074854638
326,FS_L_Caudalmiddlefrontal_Thck,0.1310822951880485
496,FS_R_Caudalmiddlefrontal_NumVert,0.13083052106316506
685,FS_L_Posteriorcingulate_MeanCurv,0.1306801045259705
761,FS_L_Supramarginal_GausCurv,0.13009608044391094
626,FS_L_Frontalpole_ThckStd,0.12936107539468478
732,FS_L_Bankssts_GausCurv,0.12888227432656701
223,FS_BrainStem_Min,0.12851655135847115
717,FS_R_Pericalcarine_MeanCurv,0.1280804560356663
474,FS_L_Parahippocampal_NumVert,0.1280169695206718
899,FS_L_Temporalpole_CurvInd,0.12680500395790276
54,FS_5thVent_Vol,0.12631805447322628
568,FS_R_Inferiorparietal_GrayVol,0.12624597826072495
753,FS_L_Posteriorcingulate_GausCurv,0.1258727249303729
189,FS_CC_Central_Mean,0.12553361040680766
49,FS_R_Amygdala_Vol,0.12547307634882648
888,FS_L_Postcentral_CurvInd,0.12540014033606367
675,FS_L_Lingual_MeanCurv,0.12499435633941942
92,FS_R_Amygdala_Vox,0.1248897866735626
458,FS_R_Transversetemporal_Area,0.12453297434812552
168,FS_R_Vessel_Std,0.12417140984031236
322,FS_CC_Anterior_Min,0.12390569851488671
683,FS_L_Pericalcarine_MeanCurv,0.12345111382152227
897,FS_L_Supramarginal_CurvInd,0.12268754034032986
404,FS_L_Medialorbitofrontal_Area,0.12220693300351207
551,FS_L_Precuneus_GrayVol,0.12191948030995906
831,FS_L_Temporalpole_FoldInd,0.1215480293364447
312,FS_CC_MidPosterior_Range,0.12141599497746096
476,FS_L_Parsopercularis_NumVert,0.12100442352109057
782,FS_R_Parsopercularis_GausCurv,0.12097083126270773
714,FS_R_Parsopercularis_MeanCurv,0.1209374341058032
501,FS_R_Inferiortemporal_NumVert,0.12092280317001962
448,FS_R_Precentral_Area,0.1199783370741279
393,FS_L_Caudalanteriorcingulate_Area,0.11994854571722281
857,FS_R_Precuneus_FoldInd,0.11944059764232931
724,FS_R_Superiorfrontal_MeanCurv,0.11929339111718297
663,FS_R_Insula_ThckStd,0.11922752507389228
399,FS_L_Inferiortemporal_Area,0.11827081715086743
863,FS_R_Supramarginal_FoldInd,0.11796270493004123
394,FS_L_Caudalmiddlefrontal_Area,0.11795419683200901
543,FS_L_Paracentral_GrayVol,0.11722525233636626
240,FS_L_Vessel_Range,0.11684731092831575
120,FS_L_Putamen_Std,0.115960549146758
776,FS_R_Lateralorbitofrontal_GausCurv,0.11534869796289003
255,FS_L_Cerebellum_Cort_Range.1,0.11504342882439542
319,FS_CC_MidAnterior_Min,0.11487118795708424
149,FS_L_Cerebellum_Cort_Mean.1,0.1141835023648567
475,FS_L_Paracentral_NumVert,0.11407920411541936
703,FS_R_Fusiform_MeanCurv,0.11405402301840718
836,FS_R_Caudalmiddlefrontal_FoldInd,0.113766336484277
428,FS_R_Caudalmiddlefrontal_Area,0.11340068465404908
432,FS_R_Inferiorparietal_Area,0.11326624678934609
342,FS_L_Parstriangularis_Thck,0.11320618356574441
109,FS_L_LatVent_Mean,0.11304164502704585
388,FS_R_Frontalpole_Thck,0.11285662757737235
770,FS_R_Entorhinal_GausCurv,0.11243880867579086
493,FS_L_Insula_NumVert,0.11166478941921626
250,FS_R_InfLatVent_Min,0.11144513631875452
901,FS_L_Insula_CurvInd,0.11132785972974059
536,FS_L_Isthmuscingulate_GrayVol,0.11102361589988495
565,FS_R_Cuneus_GrayVol,0.11092457589268434
526,FS_R_Transversetemporal_NumVert,0.1106929572042502
819,FS_L_Pericalcarine_FoldInd,0.10974626522995291
313,FS_CC_MidPosterior_Min,0.10963813784119696
575,FS_R_Middletemporal_GrayVol,0.10935660726415553
538,FS_L_Lateralorbitofrontal_GrayVol,0.10846591570388406
499,FS_R_Fusiform_NumVert,0.10819376325081294
14,FS_R_WM_Vol,0.10778711754698746
587,FS_R_Rostralmiddlefrontal_GrayVol,0.10760447837127503
521,FS_R_Superiorparietal_NumVert,0.10726032490233167
524,FS_R_Frontalpole_NumVert,0.10694718805914474
444,FS_R_Parstriangularis_Area,0.10677423637540982
384,FS_R_Superiorfrontal_Thck,0.10647538176372955
241,FS_L_Vessel_Min,0.1062874214416985
481,FS_L_Posteriorcingulate_NumVert,0.10626888528418434
10,FS_SupraTentorial_Vol,0.10571771735330815
21,FS_Total_Defect_Holes,0.10532700419878022
792,FS_R_Superiorfrontal_GausCurv,0.10444038053192398
484,FS_L_Rostralanteriorcingulate_NumVert,0.10437903019507959
930,FS_R_Superiortemporal_CurvInd,0.10308057049944168
515,FS_R_Posteriorcingulate_NumVert,0.10266867917632658
438,FS_R_Medialorbitofrontal_Area,0.10248632211918084
658,FS_R_Superiortemporal_ThckStd,0.10190720841053338
353,FS_L_Supramarginal_Thck,0.10145096146340671
845,FS_R_Lingual_FoldInd,0.10092051197195727
162,FS_R_Amygdala_Std,0.10065447835793037
585,FS_R_Precuneus_GrayVol,0.09995773359109404
11,FS_SupraTentorial_Vol_No_Vent,0.09983471682034359
12,FS_SupraTentorial_No_Vent_Voxel_Count,0.09885114785364812
405,FS_L_Middletemporal_Area,0.09866612486911731
158,FS_R_Pallidum_Std,0.09861079983184232
283,FS_R_Vessel_Min,0.09836477828953205
758,FS_L_Superiorfrontal_GausCurv,0.09813535633723657
773,FS_R_Inferiortemporal_GausCurv,0.09727074814697931
686,FS_L_Precentral_MeanCurv,0.09636851538204344
821,FS_L_Posteriorcingulate_FoldInd,0.096362492594638
640,FS_R_Lateralorbitofrontal_ThckStd,0.09622314260207727
816,FS_L_Parsopercularis_FoldInd,0.09619988419256638
865,FS_R_Temporalpole_FoldInd,0.09614035921134502
754,FS_L_Precentral_GausCurv,0.09607120585688514
314,FS_CC_MidPosterior_Max,0.09547325350267025
838,FS_R_Entorhinal_FoldInd,0.09484721205066411
569,FS_R_Inferiortemporal_GrayVol,0.09483670533294686
140,FS_L_Vessel_Std,0.09451131362368902
928,FS_R_Superiorfrontal_CurvInd,0.09418354468675547
478,FS_L_Parstriangularis_NumVert,0.09411046880132153
472,FS_L_Medialorbitofrontal_NumVert,0.09404751220742909
807,FS_L_Inferiortemporal_FoldInd,0.0939576705461819
142,FS_L_ChoroidPlexus_Std,0.09384842261253339
877,FS_L_Lateraloccipital_CurvInd,0.09294512328225735
578,FS_R_Parsopercularis_GrayVol,0.0925415721403791
145,FS_R_InfLatVent_Mean,0.09192101251519617
919,FS_R_Parsorbitalis_CurvInd,0.0916631926083207
477,FS_L_Parsorbitalis_NumVert,0.09052713631390674
890,FS_L_Precentral_CurvInd,0.09006638343056234
500,FS_R_Inferiorparietal_NumVert,0.08994254669532921
843,FS_R_Lateraloccipital_FoldInd,0.08957022211637232
825,FS_L_Rostralmiddlefrontal_FoldInd,0.08941727272891448
218,FS_3rdVent_Max,0.0892568501160885
599,FS_L_Cuneus_ThckStd,0.08878137345612147
700,FS_R_Caudalmiddlefrontal_MeanCurv,0.08871291698878589
435,FS_R_Lateraloccipital_Area,0.0886152555958583
709,FS_R_Lingual_MeanCurv,0.08762585058947904
744,FS_L_Medialorbitofrontal_GausCurv,0.08726122622492533
247,FS_R_LatVent_Min,0.08705492120146403
316,FS_CC_Central_Min,0.08607124054515358
349,FS_L_Rostralmiddlefrontal_Thck,0.08544704223551873
192,FS_CC_MidAnterior_Std,0.0854032606905314
199,FS_L_Cerebellum_WM_Min,0.0851906262394417
862,FS_R_Superiortemporal_FoldInd,0.0849849316501834
734,FS_L_Caudalmiddlefrontal_GausCurv,0.08472823136284131
41,FS_R_InfLatVent_Vol,0.0845003712683624
110,FS_L_LatVent_Std,0.08429098653048854
85,FS_R_Cerebellum_WM_Vox,0.08418848305978555
42,FS_R_Cerebellum_WM_Vol,0.08414841810955623
260,FS_R_ThalamusProper_Max,0.08405114617570882
84,FS_R_InfLatVent_Vox,0.08363431068489109
227,FS_L_Hippo_Max,0.08359006077735737
416,FS_L_Rostralanteriorcingulate_Area,0.08358596106744619
854,FS_R_Postcentral_FoldInd,0.08338617483956613
864,FS_R_Frontalpole_FoldInd,0.08325641538027137
414,FS_L_Precentral_Area,0.08320545346154136
447,FS_R_Posteriorcingulate_Area,0.08248726139599838
867,FS_R_Insula_FoldInd,0.08234310146034925
408,FS_L_Parsopercularis_Area,0.08225186913429207
505,FS_R_Lingual_NumVert,0.08204124226610814
927,FS_R_Rostralmiddlefrontal_CurvInd,0.08199136260921557
799,FS_R_Insula_GausCurv,0.08142661520208068
523,FS_R_Supramarginal_NumVert,0.08064323558103778
827,FS_L_Superiorparietal_FoldInd,0.0799720839663035
893,FS_L_Rostralmiddlefrontal_CurvInd,0.07953711017977338
75,FS_BrainStem_Vox,0.07926635611372042
32,FS_BrainStem_Vol,0.07922428431036874
925,FS_R_Precuneus_CurvInd,0.07910244730226931
902,FS_R_Bankssts_CurvInd,0.078538329597622
261,FS_R_Caudate_Range,0.07816255445920518
544,FS_L_Parsopercularis_GrayVol,0.07811410338976581
235,FS_L_AccumbensArea_Min,0.07761383327015986
216,FS_3rdVent_Range,0.07750081131143273
660,FS_R_Frontalpole_ThckStd,0.07744049019555761
787,FS_R_Posteriorcingulate_GausCurv,0.07669590405776036
389,FS_R_Temporalpole_Thck,0.07641682168918633
751,FS_L_Pericalcarine_GausCurv,0.07514821373469968
509,FS_R_Paracentral_NumVert,0.07475431915755729
8,FS_SubCort_GM_Vol,0.0739976840897422
153,FS_R_Caudate_Mean,0.07382905173581462
911,FS_R_Lateraloccipital_CurvInd,0.07254521061984404
5,FS_LCort_GM_Vol,0.07173343150170036
417,FS_L_Rostralmiddlefrontal_Area,0.0716012285905249
779,FS_R_Middletemporal_GausCurv,0.07141983625274559
242,FS_L_Vessel_Max,0.07139353483194041
689,FS_L_Rostralmiddlefrontal_MeanCurv,0.07137701318922628
923,FS_R_Posteriorcingulate_CurvInd,0.07130768249648979
672,FS_L_Isthmuscingulate_MeanCurv,0.07122171895087474
547,FS_L_Pericalcarine_GrayVol,0.07103048391008461
456,FS_R_Frontalpole_Area,0.07070836591528505
289,FS_5thVent_Min,0.07042996293632248
462,FS_L_Caudalmiddlefrontal_NumVert,0.06947153054957242
755,FS_L_Precuneus_GausCurv,0.06943649497500802
615,FS_L_Pericalcarine_ThckStd,0.06906086629926218
351,FS_L_Superiorparietal_Thck,0.06894716337928665
410,FS_L_Parstriangularis_Area,0.06850484690504054
541,FS_L_Middletemporal_GrayVol,0.06849327534311775
18,FS_MaskVol_eTIV_Ratio,0.06824176702875107
402,FS_L_Lateralorbitofrontal_Area,0.06823600130789645
20,FS_RH_Defect_Holes,0.06791181898343568
248,FS_R_LatVent_Max,0.06725788794857504
938,Release_Q2,0.06686944300938336
332,FS_L_Isthmuscingulate_Thck,0.06617814774776574
915,FS_R_Middletemporal_CurvInd,0.06583419975787742
343,FS_L_Pericalcarine_Thck,0.06567656470931357
470,FS_L_Lateralorbitofrontal_NumVert,0.064996064373736
466,FS_L_Inferiorparietal_NumVert,0.06481004062257018
150,FS_L_Cerebellum_Cort_Std.1,0.06480388203260537
380,FS_R_Precentral_Thck,0.0644757509468412
315,FS_CC_Central_Range,0.0643369902219274
852,FS_R_Parstriangularis_FoldInd,0.06432502147854903
858,FS_R_Rostralanteriorcingulate_FoldInd,0.06375917007021827
452,FS_R_Superiorfrontal_Area,0.06374227206408213
512,FS_R_Parstriangularis_NumVert,0.06319563459570433
198,FS_L_Cerebellum_WM_Range,0.06311371504732569
671,FS_L_Inferiortemporal_MeanCurv,0.06272080014700007
154,FS_R_Caudate_Std,0.061643276288002605
137,FS_L_VentDC_Mean,0.06131002828529732
725,FS_R_Superiorparietal_MeanCurv,0.06102824370634408
583,FS_R_Posteriorcingulate_GrayVol,0.060838924446637944
437,FS_R_Lingual_Area,0.06078729047939218
63,FS_CC_Central_Vol,0.059682697109670266
165,FS_R_VentDC_Mean,0.059601840504470066
368,FS_R_Lateralorbitofrontal_Thck,0.05956523134575964
106,FS_CC_Central_Vox,0.05954025785561107
926,FS_R_Rostralanteriorcingulate_CurvInd,0.059339321406028905
392,FS_L_Bankssts_Area,0.05915751417341817
562,FS_R_Bankssts_GrayVol,0.058758001509380674
872,FS_L_Entorhinal_CurvInd,0.058274423281086105
706,FS_R_Isthmuscingulate_MeanCurv,0.05817508583496578
875,FS_L_Inferiortemporal_CurvInd,0.0573702210626945
422,FS_L_Frontalpole_Area,0.05716357667023422
79,FS_L_AccumbensArea_Vox,0.057083539314509796
229,FS_L_Amygdala_Min,0.056509354756746774
36,FS_L_AccumbensArea_Vol,0.05648302335775088
224,FS_BrainStem_Max,0.056417079999848324
939,Release_Q3,0.05634204108980512
618,FS_L_Precentral_ThckStd,0.05632509531704445
566,FS_R_Entorhinal_GrayVol,0.05629276656782941
934,FS_R_Transversetemporal_CurvInd,0.05573559170002265
219,FS_4thVent_Range,0.05542931086763297
504,FS_R_Lateralorbitofrontal_NumVert,0.05402848974698371
278,FS_R_AccumbensArea_Max,0.05350780568262319
534,FS_L_Inferiorparietal_GrayVol,0.053136278359988375
549,FS_L_Posteriorcingulate_GrayVol,0.05292272502123419
904,FS_R_Caudalmiddlefrontal_CurvInd,0.05261019788973459
772,FS_R_Inferiorparietal_GausCurv,0.05209529565024629
429,FS_R_Cuneus_Area,0.05191506841429618
288,FS_5thVent_Range,0.05150807205687093
767,FS_R_Caudalanteriorcingulate_GausCurv,0.051507130443122516
210,FS_L_Putamen_Range,0.05146515140839558
813,FS_L_Middletemporal_FoldInd,0.05142955386204833
211,FS_L_Putamen_Min,0.05103779287845156
148,FS_R_Cerebellum_WM_Std,0.05049527484398115
7,FS_TotCort_GM_Vol,0.05043959596446718
876,FS_L_Isthmuscingulate_CurvInd,0.049726643388276474
567,FS_R_Fusiform_GrayVol,0.04963760143360172
171,FS_5thVent_Mean,0.049565990721369343
442,FS_R_Parsopercularis_Area,0.04941348938312485
514,FS_R_Postcentral_NumVert,0.0489997738525224
461,FS_L_Bankssts_NumVert,0.048285888883085826
574,FS_R_Medialorbitofrontal_GrayVol,0.04751982107494221
801,FS_L_Caudalanteriorcingulate_FoldInd,0.04588399283714745
715,FS_R_Parsorbitalis_MeanCurv,0.0453225701456853
942,Release_S900,0.044968951742363844
479,FS_L_Pericalcarine_NumVert,0.0447153667269942
802,FS_L_Caudalmiddlefrontal_FoldInd,0.04447983703896593
214,FS_L_Pallidum_Min,0.044447322374218244
91,FS_R_Hippo_Vox,0.04419581700904472
48,FS_R_Hippo_Vol,0.04418591719410321
708,FS_R_Lateralorbitofrontal_MeanCurv,0.042683022307847145
798,FS_R_Transversetemporal_GausCurv,0.04220435179504616
327,FS_L_Cuneus_Thck,0.042059439021104573
641,FS_R_Lingual_ThckStd,0.04204353977082801
840,FS_R_Inferiorparietal_FoldInd,0.041983634370818534
123,FS_3rdVent_Mean,0.04195679716444156
617,FS_L_Posteriorcingulate_ThckStd,0.0418696871107944
76,FS_L_Hippo_Vox,0.04176332896627443
33,FS_L_Hippo_Vol,0.0414517140690143
134,FS_CSF_Std,0.041171468253985856
740,FS_L_Isthmuscingulate_GausCurv,0.04109495979685735
497,FS_R_Cuneus_NumVert,0.04095638696888097
908,FS_R_Inferiorparietal_CurvInd,0.03991815847459435
829,FS_L_Supramarginal_FoldInd,0.039703427073412484
659,FS_R_Supramarginal_ThckStd,0.038368292106104485
895,FS_L_Superiorparietal_CurvInd,0.03816451153348325
771,FS_R_Fusiform_GausCurv,0.03748834619684255
535,FS_L_Inferiortemporal_GrayVol,0.03650245989626772
849,FS_R_Paracentral_FoldInd,0.03624959990943585
886,FS_L_Parstriangularis_CurvInd,0.03621249140473825
446,FS_R_Postcentral_Area,0.036198988183185614
837,FS_R_Cuneus_FoldInd,0.036048806123665705
746,FS_L_Parahippocampal_GausCurv,0.03470659886470466
766,FS_R_Bankssts_GausCurv,0.03372653369996131
339,FS_L_Paracentral_Thck,0.03359166306404517
201,FS_L_Cerebellum_Cort_Range,0.033575311352171844
839,FS_R_Fusiform_FoldInd,0.033419066991309206
892,FS_L_Rostralanteriorcingulate_CurvInd,0.0328864923939513
431,FS_R_Fusiform_Area,0.03244540087006748
436,FS_R_Lateralorbitofrontal_Area,0.031855681054937024
851,FS_R_Parsorbitalis_FoldInd,0.03142162879356181
842,FS_R_Isthmuscingulate_FoldInd,0.03127938897710265
591,FS_R_Supramarginal_GrayVol,0.031221237346835396
425,FS_L_Insula_Area,0.030233740001985143
582,FS_R_Postcentral_GrayVol,0.03013291287245393
520,FS_R_Superiorfrontal_NumVert,0.029891136338233933
411,FS_L_Pericalcarine_Area,0.029553810703916644
135,FS_L_AccumbensArea_Mean,0.029399451779892262
6,FS_RCort_GM_Vol,0.029215655469432625
331,FS_L_Inferiortemporal_Thck,0.029061154096025606
290,FS_5thVent_Max,0.028933566345460203
246,FS_R_LatVent_Range,0.028503598633251255
593,FS_R_Temporalpole_GrayVol,0.028458578072901124
222,FS_BrainStem_Range,0.028427756011714263
797,FS_R_Temporalpole_GausCurv,0.0283995370079385
690,FS_L_Superiorfrontal_MeanCurv,0.028136831350647207
238,FS_L_VentDC_Min,0.02744059516600862
882,FS_L_Parahippocampal_CurvInd,0.02734414452415352
935,FS_R_Insula_CurvInd,0.02725610845984774
407,FS_L_Paracentral_Area,0.02711092810746988
468,FS_L_Isthmuscingulate_NumVert,0.026874712526908203
918,FS_R_Parsopercularis_CurvInd,0.02664732790356181
434,FS_R_Isthmuscingulate_Area,0.025946297486524328
379,FS_R_Posteriorcingulate_Thck,0.02590339846595743
502,FS_R_Isthmuscingulate_NumVert,0.025683526883025786
506,FS_R_Medialorbitofrontal_NumVert,0.025657989113567297
93,FS_R_AccumbensArea_Vox,0.025413527456654875
916,FS_R_Parahippocampal_CurvInd,0.025311146863628595
592,FS_R_Frontalpole_GrayVol,0.024805379352223423
808,FS_L_Isthmuscingulate_FoldInd,0.024751724647270663
788,FS_R_Precentral_GausCurv,0.024647578906875984
83,FS_R_LatVent_Vox,0.024430714957599804
40,FS_R_LatVent_Vol,0.02442451534729064
50,FS_R_AccumbensArea_Vol,0.024312902704652185
517,FS_R_Precuneus_NumVert,0.024163350873782064
369,FS_R_Lingual_Thck,0.023562274347129916
621,FS_L_Rostralmiddlefrontal_ThckStd,0.02316747745097801
490,FS_L_Frontalpole_NumVert,0.023132548184554232
812,FS_L_Medialorbitofrontal_FoldInd,0.02261246417771528
785,FS_R_Pericalcarine_GausCurv,0.022151528173420074
748,FS_L_Parsopercularis_GausCurv,0.022100175905418244
485,FS_L_Rostralmiddlefrontal_NumVert,0.02179311500248151
848,FS_R_Parahippocampal_FoldInd,0.021531941620152487
796,FS_R_Frontalpole_GausCurv,0.02150609529824986
439,FS_R_Middletemporal_Area,0.020949826298208112
546,FS_L_Parstriangularis_GrayVol,0.020219831968384706
539,FS_L_Lingual_GrayVol,0.020046295215887175
880,FS_L_Medialorbitofrontal_CurvInd,0.019637597435029602
750,FS_L_Parstriangularis_GausCurv,0.019632286855630697
701,FS_R_Cuneus_MeanCurv,0.019381395657163514
471,FS_L_Lingual_NumVert,0.01921887263943979
572,FS_R_Lateralorbitofrontal_GrayVol,0.018814707021674797
424,FS_L_Transversetemporal_Area,0.01879342038335428
692,FS_L_Superiortemporal_MeanCurv,0.01862817099486614
790,FS_R_Rostralanteriorcingulate_GausCurv,0.018568061332319363
449,FS_R_Precuneus_Area,0.017568308719880663
722,FS_R_Rostralanteriorcingulate_MeanCurv,0.016932382156244388
756,FS_L_Rostralanteriorcingulate_GausCurv,0.016882178101810353
207,FS_L_Caudate_Range,0.016470429223019934
856,FS_R_Precentral_FoldInd,0.016423300211690996
197,FS_L_LatVent_Max,0.01637448952639048
195,FS_L_LatVent_Range,0.016206078012209076
573,FS_R_Lingual_GrayVol,0.016203413711925584
337,FS_L_Middletemporal_Thck,0.01607080133023957
400,FS_L_Isthmuscingulate_Area,0.01602045255486844
507,FS_R_Middletemporal_NumVert,0.01597993871550628
403,FS_L_Lingual_Area,0.0159121594692942
786,FS_R_Postcentral_GausCurv,0.015534080250313562
516,FS_R_Precentral_NumVert,0.015362723626450229
125,FS_4thVent_Mean,0.015116147826167048
286,FS_R_ChoroidPlexus_Min,0.01511375734863258
217,FS_3rdVent_Min,0.01509265237863405
510,FS_R_Parsopercularis_NumVert,0.014769797881491202
883,FS_L_Paracentral_CurvInd,0.014394029590097663
273,FS_R_Amygdala_Range,0.013849026035065706
909,FS_R_Inferiortemporal_CurvInd,0.013579164592523103
817,FS_L_Parsorbitalis_FoldInd,0.013557008599816685
138,FS_L_VentDC_Std,0.01331213486971241
598,FS_L_Caudalmiddlefrontal_ThckStd,0.012146334728186521
884,FS_L_Parsopercularis_CurvInd,0.011976391367984271
931,FS_R_Supramarginal_CurvInd,0.011612060474297302
777,FS_R_Lingual_GausCurv,0.011519462845043514
824,FS_L_Rostralanteriorcingulate_FoldInd,0.01151611480443287
783,FS_R_Parsorbitalis_GausCurv,0.011421746032441527
205,FS_L_ThalamusProper_Min,0.011175735290005331
364,FS_R_Inferiorparietal_Thck,0.010849480039685036
272,FS_R_Hippo_Max,0.010689173621738834
455,FS_R_Supramarginal_Area,0.010505478579668394
528,FS_L_Caudalanteriorcingulate_GrayVol,0.010453063685520477
213,FS_L_Pallidum_Range,0.010140094843299124
556,FS_L_Superiortemporal_GrayVol,0.009764203326313827
580,FS_R_Parstriangularis_GrayVol,0.009685869505471689
318,FS_CC_MidAnterior_Range,0.009662845092580379
832,FS_L_Transversetemporal_FoldInd,0.009564789408118458
769,FS_R_Cuneus_GausCurv,0.009174539912466362
293,FS_WM_Hypointens_Max,0.008958662716367461
212,FS_L_Putamen_Max,0.00810515245815246
620,FS_L_Rostralanteriorcingulate_ThckStd,0.007592870706076908
200,FS_L_Cerebellum_WM_Max,0.006957020995681308
367,FS_R_Lateraloccipital_Thck,0.006865843346887729
366,FS_R_Isthmuscingulate_Thck,0.006675180271194989
95,FS_R_Vessel_Vox,0.006164117376905084
784,FS_R_Parstriangularis_GausCurv,0.005655349036530492
680,FS_L_Parsopercularis_MeanCurv,0.0051615270131023456
846,FS_R_Medialorbitofrontal_FoldInd,0.0050049926360270095
622,FS_L_Superiorfrontal_ThckStd,0.00499989343559661
834,FS_R_Bankssts_FoldInd,0.0048046234802555585
941,Release_S500,0.004255371598255639
398,FS_L_Inferiorparietal_Area,0.004130199352376771
420,FS_L_Superiortemporal_Area,0.004099800540361497
745,FS_L_Middletemporal_GausCurv,0.0037087263734858055
188,FS_CC_MidPosterior_Std,0.003557565703438974
441,FS_R_Paracentral_Area,0.0027678479339105122
762,FS_L_Frontalpole_GausCurv,0.0026984423236346027
52,FS_R_Vessel_Vol,0.0022963026255814665
814,FS_L_Parahippocampal_FoldInd,0.002277403548663209
733,FS_L_Caudalanteriorcingulate_GausCurv,0.002238594962109022
196,FS_L_LatVent_Min,0.002019251703379638
642,FS_R_Medialorbitofrontal_ThckStd,0.0017141196633229066
665,FS_L_Caudalanteriorcingulate_MeanCurv,0.0016997010108862744
488,FS_L_Superiortemporal_NumVert,0.0011649624353768581
647,FS_R_Parsorbitalis_ThckStd,0.000932232363919326
889,FS_L_Posteriorcingulate_CurvInd,3.872939358946219e-05
296,FS_L_WM_Hypointens_Max,0.0
59,FS_R_Non-WM_Hypointens_Vol,0.0
305,FS_R_Non-WM_Hypointens_Max,0.0
56,FS_L_WM_Hypointens_Vol,0.0
58,FS_L_Non-WM_Hypointens_Vol,0.0
57,FS_R_WM_Hypointens_Vol,0.0
295,FS_L_WM_Hypointens_Min,0.0
294,FS_L_WM_Hypointens_Range,0.0
297,FS_R_WM_Hypointens_Range,0.0
100,FS_R_WM_Hypointens_Vox,0.0
99,FS_L_WM_Hypointens_Vox,0.0
101,FS_L_Non-WM_Hypointens_Vox,0.0
182,FS_R_Non-WM_Hypointens_Std,0.0
181,FS_R_Non-WM_Hypointens_Mean,0.0
180,FS_L_Non-WM_Hypointens_Std,0.0
179,FS_L_Non-WM_Hypointens_Mean,0.0
178,FS_R_WM_Hypointens_Std,0.0
304,FS_R_Non-WM_Hypointens_Min,0.0
303,FS_R_Non-WM_Hypointens_Range,0.0
176,FS_L_WM_Hypointens_Std,0.0
175,FS_L_WM_Hypointens_Mean,0.0
302,FS_L_Non-WM_Hypointens_Max,0.0
301,FS_L_Non-WM_Hypointens_Min,0.0
300,FS_L_Non-WM_Hypointens_Range,0.0
299,FS_R_WM_Hypointens_Max,0.0
298,FS_R_WM_Hypointens_Min,0.0
102,FS_R_Non-WM_Hypointens_Vox,0.0
177,FS_R_WM_Hypointens_Mean,0.0
